date,measurement,unit,min,max,avg,count
2023-08-01,humidity.outdoor,percent,92.3,97.2,95.33,75
2023-08-01,pressure.absolute,hPa,972.571,981.985,977.37,75
2023-08-01,pressure.seaLevel,hPa,986.557,996.107,991.43,75
2023-08-01,rain.daily,mm,,7,,75
2023-08-01,rain.rate,mm/h,0,9.4,1.39,75
2023-08-01,temperature.dewPoint,celsius,12.778,15.056,13.74,75
2023-08-01,temperature.heatIndex,celsius,14.167,15.889,14.78,75
2023-08-01,temperature.outdoor,celsius,13.889,15.556,14.45,75
2023-08-01,temperature.wetBulb,celsius,13.278,15.167,14.01,75
2023-08-02,humidity.outdoor,percent,77.1,97.2,90.43,288
2023-08-02,pressure.absolute,hPa,968.27,987.641,975.26,288
2023-08-02,pressure.seaLevel,hPa,982.222,1001.83,989.29,288
2023-08-02,rain.daily,mm,,3.2,,288
2023-08-02,rain.rate,mm/h,0,28.6,0.37,288
2023-08-02,temperature.dewPoint,celsius,11.833,16.056,13.63,288
2023-08-02,temperature.heatIndex,celsius,13,19.611,15.42,288
2023-08-02,temperature.outdoor,celsius,12.667,19.167,15.18,288
2023-08-02,temperature.wetBulb,celsius,12.222,16.833,14.18,288
2023-08-03,humidity.outdoor,percent,72.1,92.8,84.26,288
2023-08-03,pressure.absolute,hPa,987.675,1005.013,996.47,288
2023-08-03,pressure.seaLevel,hPa,1001.863,1019.405,1010.74,288
2023-08-03,rain.daily,mm,,0,,288
2023-08-03,rain.rate,mm/h,0,0,0,288
2023-08-03,temperature.dewPoint,celsius,8.611,14.5,12.05,288
2023-08-03,temperature.heatIndex,celsius,11.722,18.833,14.72,288
2023-08-03,temperature.outdoor,celsius,11.667,18.611,14.69,288
2023-08-03,temperature.wetBulb,celsius,9.889,15.556,13,288
2023-08-04,humidity.outdoor,percent,67.9,96.2,83.39,288
2023-08-04,pressure.absolute,hPa,996.716,1008.027,1005.59,288
2023-08-04,pressure.seaLevel,hPa,1011.007,1022.453,1019.97,288
2023-08-04,rain.daily,mm,,7.2,,288
2023-08-04,rain.rate,mm/h,0,16.8,0.38,288
2023-08-04,temperature.dewPoint,celsius,8.667,12.278,10.61,288
2023-08-04,temperature.heatIndex,celsius,10.833,16.056,13.36,288
2023-08-04,temperature.outdoor,celsius,10.833,16.556,13.42,288
2023-08-04,temperature.wetBulb,celsius,9.833,13.444,11.67,288
2023-08-05,humidity.outdoor,percent,63.7,97.3,84.55,278
2023-08-05,pressure.absolute,hPa,986.455,1004.369,995.99,278
2023-08-05,pressure.seaLevel,hPa,1000.611,1018.728,1010.27,278
2023-08-05,rain.daily,mm,,7.6,,278
2023-08-05,rain.rate,mm/h,0,8,0.38,278
2023-08-05,temperature.dewPoint,celsius,10,13.833,11.81,278
2023-08-05,temperature.heatIndex,celsius,11.889,19.389,14.56,278
2023-08-05,temperature.outdoor,celsius,11.833,19.444,14.49,278
2023-08-05,temperature.thwIndex,celsius,12,15.5,13.2,3
2023-08-05,temperature.wetBulb,celsius,10.944,15.333,12.76,278
2023-08-05,wind.direction,degrees,0,360,120,3
2023-08-05,wind.gust,m/s,0,3.576,1.19,3
2023-08-05,wind.run,km,,0.27,,3
2023-08-05,wind.speed,m/s,0,0.894,0.3,3
2023-08-06,humidity.outdoor,percent,60.4,92.4,77.94,277
2023-08-06,pressure.absolute,hPa,1004.132,1008.196,1005.95,288
2023-08-06,pressure.seaLevel,hPa,1018.491,1022.622,1020.34,288
2023-08-06,rain.daily,mm,,0,,288
2023-08-06,rain.rate,mm/h,0,0,0,271
2023-08-06,temperature.dewPoint,celsius,8.667,14.5,10.79,275
2023-08-06,temperature.heatIndex,celsius,10.333,20.444,14.47,266
2023-08-06,temperature.outdoor,celsius,10.333,20.611,14.71,276
2023-08-06,temperature.thwIndex,celsius,16.5,19.056,17.68,45
2023-08-06,temperature.wetBulb,celsius,9.389,16.056,12.16,275
2023-08-06,temperature.windChill,celsius,16.722,19.278,17.75,36
2023-08-06,wind.direction,degrees,0,360,8.78,41
2023-08-06,wind.gust,m/s,0,2.682,0.07,41
2023-08-06,wind.run,km,,0.01,,41
2023-08-06,wind.speed,m/s,0,0.027,0,41
2023-08-07,humidity.outdoor,percent,69.9,95.3,83.78,288
2023-08-07,pressure.absolute,hPa,1001.525,1008.094,1005.51,288
2023-08-07,pressure.seaLevel,hPa,1015.849,1022.52,1019.89,288
2023-08-07,rain.daily,mm,,2.2,,288
2023-08-07,rain.rate,mm/h,0,4.8,0.08,288
2023-08-07,temperature.dewPoint,celsius,6.5,13.278,10.55,288
2023-08-07,temperature.heatIndex,celsius,8.556,16.722,13.25,288
2023-08-07,temperature.outdoor,celsius,8.444,17,13.26,288
2023-08-07,temperature.wetBulb,celsius,7.444,14.333,11.58,288
2023-08-07,wind.direction,degrees,0,0,0,1
2023-08-07,wind.gust,m/s,0,0,0,1
2023-08-07,wind.run,km,,0,,1
2023-08-07,wind.speed,m/s,0,0,0,1
2023-08-08,humidity.outdoor,percent,92.8,97.3,95.81,216
2023-08-08,pressure.absolute,hPa,998.274,1001.457,999.68,288
2023-08-08,pressure.seaLevel,hPa,1012.564,1015.782,1013.99,288
2023-08-08,rain.daily,mm,,4,,288
2023-08-08,rain.rate,mm/h,0,4.4,0.21,212
2023-08-08,temperature.dewPoint,celsius,12.333,15.222,13.7,214
2023-08-08,temperature.heatIndex,celsius,13.389,16.5,14.66,205
2023-08-08,temperature.outdoor,celsius,13.056,16.056,14.34,214
2023-08-08,temperature.wetBulb,celsius,12.611,15.5,13.94,214
2023-08-09,humidity.outdoor,percent,75.5,97.9,90.84,259
2023-08-09,pressure.absolute,hPa,1000.17,1002.676,1001.72,288
2023-08-09,pressure.seaLevel,hPa,1014.495,1017.035,1016.06,288
2023-08-09,rain.daily,mm,,0.2,,288
2023-08-09,rain.rate,mm/h,0,0.2,0,255
2023-08-09,temperature.dewPoint,celsius,13.889,20.778,16.25,259
2023-08-09,temperature.heatIndex,celsius,14.778,24.389,18.56,252
2023-08-09,temperature.outdoor,celsius,14.389,23.444,17.83,259
2023-08-09,temperature.thwIndex,celsius,16.278,23.778,19.09,89
2023-08-09,temperature.wetBulb,celsius,14.056,21.222,16.73,259
2023-08-09,temperature.windChill,celsius,15.889,22.833,18.43,89
2023-08-09,wind.direction,degrees,0,0,0,89
2023-08-09,wind.gust,m/s,0,4.917,0.06,89
2023-08-09,wind.run,km,,0,,89
2023-08-09,wind.speed,m/s,0,0,0,89
2023-08-10,humidity.outdoor,percent,96.6,98.2,97.57,287
2023-08-10,pressure.absolute,hPa,996.005,1002.473,998.83,287
2023-08-10,pressure.seaLevel,hPa,1010.262,1016.831,1013.14,287
2023-08-10,rain.daily,mm,,2.2,,287
2023-08-10,rain.rate,mm/h,0,2,0.07,287
2023-08-10,temperature.dewPoint,celsius,14,16.611,15.69,287
2023-08-10,temperature.heatIndex,celsius,14.833,17.944,16.79,287
2023-08-10,temperature.outdoor,celsius,14.444,16.944,16.06,287
2023-08-10,temperature.thwIndex,celsius,14.833,17.944,16.79,287
2023-08-10,temperature.wetBulb,celsius,14.167,16.722,15.82,287
2023-08-10,temperature.windChill,celsius,14.444,16.944,16.08,287
2023-08-10,wind.direction,degrees,0,0,0,287
2023-08-10,wind.gust,m/s,0,0,0,287
2023-08-10,wind.run,km,,0,,287
2023-08-10,wind.speed,m/s,0,0,0,287
2023-08-11,humidity.outdoor,percent,83.7,98.3,93.17,288
2023-08-11,pressure.absolute,hPa,994.007,998.917,997.32,288
2023-08-11,pressure.seaLevel,hPa,1008.264,1013.208,1011.6,288
2023-08-11,rain.daily,mm,,0.8,,288
2023-08-11,rain.rate,mm/h,0,0.2,0.01,288
2023-08-11,temperature.dewPoint,celsius,13,17.667,14.96,288
2023-08-11,temperature.heatIndex,celsius,13.833,19.833,16.52,288
2023-08-11,temperature.outdoor,celsius,13.389,19.278,16.05,288
2023-08-11,temperature.thwIndex,celsius,13.833,19.833,16.52,288
2023-08-11,temperature.wetBulb,celsius,13.167,18,15.34,288
2023-08-11,temperature.windChill,celsius,13.389,19.222,16.08,288
2023-08-11,wind.direction,degrees,0,360,30,288
2023-08-11,wind.gust,m/s,0,15.646,0.24,288
2023-08-11,wind.run,km,,0.48,,288
2023-08-11,wind.speed,m/s,0,0.416,0.01,288
2023-08-12,humidity.outdoor,percent,75.4,95.8,88.21,288
2023-08-12,pressure.absolute,hPa,991.332,995.768,993.28,288
2023-08-12,pressure.seaLevel,hPa,1005.555,1010.025,1007.52,288
2023-08-12,rain.daily,mm,,0.4,,288
2023-08-12,rain.rate,mm/h,0,0.2,0.01,288
2023-08-12,temperature.dewPoint,celsius,12,16.833,14.15,288
2023-08-12,temperature.heatIndex,celsius,13.333,20.944,16.38,288
2023-08-12,temperature.outdoor,celsius,13.111,20.556,16.12,288
2023-08-12,temperature.thwIndex,celsius,13.333,20.944,16.38,288
2023-08-12,temperature.wetBulb,celsius,12.444,17.722,14.81,288
2023-08-12,temperature.windChill,celsius,13.167,20.5,16.14,288
2023-08-12,wind.direction,degrees,0,360,45,288
2023-08-12,wind.gust,m/s,0,32.187,0.3,288
2023-08-12,wind.run,km,,1.15,,288
2023-08-12,wind.speed,m/s,0,1.645,0.01,288
2023-08-13,humidity.outdoor,percent,71.7,96.6,88.46,288
2023-08-13,pressure.absolute,hPa,992.551,995.599,994.65,288
2023-08-13,pressure.seaLevel,hPa,1006.774,1009.855,1008.91,288
2023-08-13,rain.daily,mm,,0.6,,288
2023-08-13,rain.rate,mm/h,0,1,0.02,288
2023-08-13,temperature.dewPoint,celsius,11.222,14.833,12.66,288
2023-08-13,temperature.heatIndex,celsius,12.778,18.722,14.73,288
2023-08-13,temperature.outdoor,celsius,12.5,18.444,14.58,288
2023-08-13,temperature.thwIndex,celsius,12.778,18.722,14.73,288
2023-08-13,temperature.wetBulb,celsius,11.944,15.778,13.35,288
2023-08-13,temperature.windChill,celsius,12.5,18.444,14.6,288
2023-08-13,wind.direction,degrees,0,360,55,288
2023-08-13,wind.gust,m/s,0,28.164,0.47,288
2023-08-13,wind.run,km,,2.88,,288
2023-08-13,wind.speed,m/s,0,1.31,0.03,288
2023-08-14,humidity.outdoor,percent,65.1,97,85.78,288
2023-08-14,pressure.absolute,hPa,990.35,998.037,993.37,288
2023-08-14,pressure.seaLevel,hPa,1004.573,1012.327,1007.61,288
2023-08-14,rain.daily,mm,,3,,288
2023-08-14,rain.rate,mm/h,0,3.2,0.13,288
2023-08-14,temperature.dewPoint,celsius,11.333,15.556,13.02,288
2023-08-14,temperature.heatIndex,celsius,12.833,20.111,15.62,288
2023-08-14,temperature.outdoor,celsius,12.556,20.167,15.44,288
2023-08-14,temperature.thwIndex,celsius,12.833,20.111,15.62,288
2023-08-14,temperature.wetBulb,celsius,11.944,16.111,13.84,288
2023-08-14,temperature.windChill,celsius,12.556,20.111,15.45,286
2023-08-14,wind.direction,degrees,0,0,0,287
2023-08-14,wind.gust,m/s,0,0,0,287
2023-08-14,wind.run,km,,0,,287
2023-08-14,wind.speed,m/s,0,0,0,287
2023-08-15,humidity.outdoor,percent,55.2,93.7,81.78,288
2023-08-15,pressure.absolute,hPa,997.969,1005.622,1002.06,288
2023-08-15,pressure.seaLevel,hPa,1012.26,1020.015,1016.4,288
2023-08-15,rain.daily,mm,,0,,288
2023-08-15,rain.rate,mm/h,0,0,0,288
2023-08-15,temperature.dewPoint,celsius,11.389,16.333,13.09,288
2023-08-15,temperature.heatIndex,celsius,12.778,22.944,16.37,288
2023-08-15,temperature.outdoor,celsius,12.556,22.611,16.27,288
2023-08-15,temperature.thwIndex,celsius,12.778,22.944,16.35,285
2023-08-15,temperature.wetBulb,celsius,11.889,18,14.15,288
2023-08-15,temperature.windChill,celsius,12.611,22.5,16.15,275
2023-08-15,wind.direction,degrees,0,0,0,281
2023-08-15,wind.gust,m/s,0,0,0,281
2023-08-15,wind.run,km,,0,,281
2023-08-15,wind.speed,m/s,0,0,0,281
2023-08-16,humidity.outdoor,percent,69.1,96.1,83.53,288
2023-08-16,pressure.absolute,hPa,1005.487,1006.977,1006.24,288
2023-08-16,pressure.seaLevel,hPa,1019.879,1021.369,1020.64,288
2023-08-16,rain.daily,mm,,0,,288
2023-08-16,rain.rate,mm/h,0,0,0,288
2023-08-16,temperature.dewPoint,celsius,11,16.389,13.19,288
2023-08-16,temperature.heatIndex,celsius,12.278,21,16.2,288
2023-08-16,temperature.outdoor,celsius,12.056,20.778,16.04,288
2023-08-16,temperature.thwIndex,celsius,12.278,21,16.2,288
2023-08-16,temperature.wetBulb,celsius,11.5,17.556,14.15,288
2023-08-16,temperature.windChill,celsius,12.056,20.778,16.07,288
2023-08-16,wind.direction,degrees,0,360,10,288
2023-08-16,wind.gust,m/s,0,2.235,0.03,288
2023-08-16,wind.run,km,,0.01,,288
2023-08-16,wind.speed,m/s,0,0.027,0,288
2023-08-17,humidity.outdoor,percent,73.4,97.1,89.98,288
2023-08-17,pressure.absolute,hPa,997.123,1006.266,1001.28,288
2023-08-17,pressure.seaLevel,hPa,1011.413,1020.658,1015.61,288
2023-08-17,rain.daily,mm,,0,,288
2023-08-17,rain.rate,mm/h,0,0,0,288
2023-08-17,temperature.dewPoint,celsius,10.833,16.556,14.26,288
2023-08-17,temperature.heatIndex,celsius,11.833,20.5,16.41,288
2023-08-17,temperature.outdoor,celsius,11.5,20.222,15.93,288
2023-08-17,temperature.thwIndex,celsius,11.833,20.5,16.41,288
2023-08-17,temperature.wetBulb,celsius,11.111,17.167,14.82,288
2023-08-17,temperature.windChill,celsius,11.5,20.167,15.95,287
2023-08-17,wind.direction,degrees,0,360,13.8,287
2023-08-17,wind.gust,m/s,0,0.894,0.02,287
2023-08-17,wind.run,km,,0.01,,287
2023-08-17,wind.speed,m/s,0,0.027,0,287
2023-08-18,humidity.outdoor,percent,85.1,97.2,94.79,237
2023-08-18,pressure.absolute,hPa,980.631,997.123,992.16,237
2023-08-18,pressure.seaLevel,hPa,994.718,1011.413,1006.39,237
2023-08-18,rain.daily,mm,,26,,237
2023-08-18,rain.rate,mm/h,0,55.2,2.11,237
2023-08-18,temperature.dewPoint,celsius,14.833,16.444,15.63,237
2023-08-18,temperature.heatIndex,celsius,15.778,18.222,17.11,237
2023-08-18,temperature.outdoor,celsius,15.389,17.722,16.45,237
2023-08-18,temperature.thwIndex,celsius,15.778,18.222,16.93,196
2023-08-18,temperature.wetBulb,celsius,15.056,16.722,15.91,237
2023-08-18,temperature.windChill,celsius,15.389,17.667,16.32,195
2023-08-18,wind.direction,degrees,0,0,0,195
2023-08-18,wind.gust,m/s,0,0,0,195
2023-08-18,wind.run,km,,0,,195
2023-08-18,wind.speed,m/s,0,0,0,195
2023-08-19,humidity.outdoor,percent,83,94.2,90.84,78
2023-08-19,pressure.absolute,hPa,995.802,999.561,997.94,78
2023-08-19,pressure.seaLevel,hPa,1010.059,1013.885,1012.24,78
2023-08-19,rain.daily,mm,,0,,78
2023-08-19,rain.rate,mm/h,0,0,0,78
2023-08-19,temperature.dewPoint,celsius,13.722,15.722,14.42,78
2023-08-19,temperature.heatIndex,celsius,15.111,18.722,16.19,78
2023-08-19,temperature.outdoor,celsius,14.889,18.444,15.92,78
2023-08-19,temperature.thwIndex,celsius,15.222,15.222,15.22,1
2023-08-19,temperature.wetBulb,celsius,14.222,16.389,14.94,78
2023-08-19,wind.direction,degrees,0,0,0,1
2023-08-19,wind.gust,m/s,0,0,0,1
2023-08-19,wind.run,km,,0,,1
2023-08-19,wind.speed,m/s,0,0,0,1
2023-08-20,humidity.outdoor,percent,77.8,96.2,90.63,288
2023-08-20,pressure.absolute,hPa,999.561,1004.844,1002.56,288
2023-08-20,pressure.seaLevel,hPa,1013.885,1019.236,1016.91,288
2023-08-20,rain.daily,mm,,0,,288
2023-08-20,rain.rate,mm/h,0,0,0,288
2023-08-20,temperature.dewPoint,celsius,13.167,17.667,15.06,288
2023-08-20,temperature.heatIndex,celsius,14.278,21.167,17.06,288
2023-08-20,temperature.outdoor,celsius,14,20.556,16.61,288
2023-08-20,temperature.thwIndex,celsius,14.889,14.889,14.89,1
2023-08-20,temperature.wetBulb,celsius,13.5,18.333,15.58,288
2023-08-21,humidity.outdoor,percent,76.2,97.2,90.27,288
2023-08-21,pressure.absolute,hPa,1001.491,1004.505,1003.03,288
2023-08-21,pressure.seaLevel,hPa,1015.815,1018.863,1017.39,288
2023-08-21,rain.daily,mm,,1.8,,288
2023-08-21,rain.rate,mm/h,0,14.2,0.14,288
2023-08-21,temperature.dewPoint,celsius,13.667,17.778,15.38,288
2023-08-21,temperature.heatIndex,celsius,15.056,21.278,17.48,288
2023-08-21,temperature.outdoor,celsius,14.944,20.722,17.01,288
2023-08-21,temperature.thwIndex,celsius,15.778,17.833,16.28,93
2023-08-21,temperature.wetBulb,celsius,14.111,18.333,15.92,288
2023-08-21,temperature.windChill,celsius,15.389,17.167,15.79,91
2023-08-21,wind.direction,degrees,0,0,0,92
2023-08-21,wind.gust,m/s,0,0,0,92
2023-08-21,wind.run,km,,0,,92
2023-08-21,wind.speed,m/s,0,0,0,92
2023-08-22,humidity.outdoor,percent,58.4,94.7,84.76,288
2023-08-22,pressure.absolute,hPa,1001.322,1005.419,1003.63,288
2023-08-22,pressure.seaLevel,hPa,1015.646,1019.811,1017.99,288
2023-08-22,rain.daily,mm,,0,,288
2023-08-22,rain.rate,mm/h,0,0,0,288
2023-08-22,temperature.dewPoint,celsius,12.056,16.611,14.34,288
2023-08-22,temperature.heatIndex,celsius,14.056,22.667,17.22,288
2023-08-22,temperature.outdoor,celsius,14,22.444,17.01,288
2023-08-22,temperature.wetBulb,celsius,12.889,17.833,15.19,288
2023-08-23,humidity.outdoor,percent,82.9,97.6,93.04,288
2023-08-23,pressure.absolute,hPa,1000.983,1005.25,1002.9,288
2023-08-23,pressure.seaLevel,hPa,1015.307,1019.642,1017.24,288
2023-08-23,rain.daily,mm,,13.4,,288
2023-08-23,rain.rate,mm/h,0,8.4,0.62,288
2023-08-23,temperature.dewPoint,celsius,11.444,18.444,14.25,288
2023-08-23,temperature.heatIndex,celsius,13.444,20.667,15.8,288
2023-08-23,temperature.outdoor,celsius,13.444,19.722,15.36,288
2023-08-23,temperature.thwIndex,celsius,13.833,19.389,15.57,147
2023-08-23,temperature.wetBulb,celsius,12.278,18.667,14.65,288
2023-08-23,temperature.windChill,celsius,13.5,18.278,15.04,145
2023-08-23,wind.direction,degrees,0,0,0,146
2023-08-23,wind.gust,m/s,0,0,0,146
2023-08-23,wind.run,km,,0,,146
2023-08-23,wind.speed,m/s,0,0,0,146
2023-08-24,humidity.outdoor,percent,53.2,93.3,79.17,288
2023-08-24,pressure.absolute,hPa,998.375,1001.085,999.8,288
2023-08-24,pressure.seaLevel,hPa,1012.666,1015.409,1014.11,288
2023-08-24,rain.daily,mm,,0,,288
2023-08-24,rain.rate,mm/h,0,0,0,288
2023-08-24,temperature.dewPoint,celsius,7.944,12.944,10.71,288
2023-08-24,temperature.heatIndex,celsius,11.056,18.167,14.29,288
2023-08-24,temperature.outdoor,celsius,11,18.556,14.41,288
2023-08-24,temperature.wetBulb,celsius,9.444,14.167,12.03,288
2023-08-25,humidity.outdoor,percent,63.8,95.1,85.34,272
2023-08-25,pressure.absolute,hPa,994.583,998.511,995.87,272
2023-08-25,pressure.seaLevel,hPa,1008.839,1012.802,1010.13,272
2023-08-25,rain.daily,mm,,9.6,,272
2023-08-25,rain.rate,mm/h,0,59,1.13,272
2023-08-25,temperature.dewPoint,celsius,9.167,14.444,11.76,272
2023-08-25,temperature.heatIndex,celsius,11,19.889,14.3,272
2023-08-25,temperature.outdoor,celsius,10.944,19.944,14.24,272
2023-08-25,temperature.thwIndex,celsius,13.111,14.889,13.71,12
2023-08-25,temperature.wetBulb,celsius,10,15.611,12.64,272
2023-08-25,temperature.windChill,celsius,13,14.389,13.56,8
2023-08-25,wind.direction,degrees,0,0,0,9
2023-08-25,wind.gust,m/s,0,0,0,8
2023-08-25,wind.run,km,,0,,9
2023-08-25,wind.speed,m/s,0,0,0,9
2023-08-26,humidity.outdoor,percent,74,90.3,85.39,288
2023-08-26,pressure.absolute,hPa,995.226,999.493,996.81,288
2023-08-26,pressure.seaLevel,hPa,1009.483,1013.817,1011.09,288
2023-08-26,rain.daily,mm,,1.4,,288
2023-08-26,rain.rate,mm/h,0,20.8,0.14,288
2023-08-26,temperature.dewPoint,celsius,9.722,14.889,11.73,288
2023-08-26,temperature.heatIndex,celsius,11.444,19.167,14.19,288
2023-08-26,temperature.outdoor,celsius,11.389,18.889,14.15,288
2023-08-26,temperature.wetBulb,celsius,10.444,15.833,12.62,288
2023-08-27,humidity.outdoor,percent,63.7,95.5,85.08,288
2023-08-27,pressure.absolute,hPa,998.003,1002.202,999.39,288
2023-08-27,pressure.seaLevel,hPa,1012.294,1016.56,1013.71,288
2023-08-27,rain.daily,mm,,3.6,,288
2023-08-27,rain.rate,mm/h,0,3.4,0.16,288
2023-08-27,temperature.dewPoint,celsius,9.611,17.278,12.13,288
2023-08-27,temperature.heatIndex,celsius,11.889,21.556,14.79,288
2023-08-27,temperature.outdoor,celsius,11.778,21.556,14.67,288
2023-08-27,temperature.wetBulb,celsius,10.833,17.944,13.03,288
2023-08-28,humidity.outdoor,percent,72.6,93.4,83.71,235
2023-08-28,pressure.absolute,hPa,1000.543,1003.895,1002.55,235
2023-08-28,pressure.seaLevel,hPa,1014.867,1018.254,1016.9,235
2023-08-28,rain.daily,mm,,0,,235
2023-08-28,rain.rate,mm/h,0,0,0,235
2023-08-28,temperature.dewPoint,celsius,9,14.778,11.74,235
2023-08-28,temperature.heatIndex,celsius,12.056,19,14.51,235
2023-08-28,temperature.outdoor,celsius,12,18.722,14.46,235
2023-08-28,temperature.wetBulb,celsius,10.278,15.667,12.74,235
2023-08-29,humidity.outdoor,percent,58.7,96.6,82.13,288
2023-08-29,pressure.absolute,hPa,997.698,1000.475,998.46,288
2023-08-29,pressure.seaLevel,hPa,1011.989,1014.799,1012.76,288
2023-08-29,rain.daily,mm,,0.2,,288
2023-08-29,rain.rate,mm/h,0,0.2,0,288
2023-08-29,temperature.dewPoint,celsius,8.833,13.222,11.22,288
2023-08-29,temperature.heatIndex,celsius,12.111,18.278,14.35,288
2023-08-29,temperature.outdoor,celsius,11.889,18.389,14.37,288
2023-08-29,temperature.wetBulb,celsius,10.333,14.611,12.34,288
2023-08-30,humidity.outdoor,percent,63.1,91.9,81.12,288
2023-08-30,pressure.absolute,hPa,994.38,998.138,996.41,288
2023-08-30,pressure.seaLevel,hPa,1008.636,1012.429,1010.69,288
2023-08-30,rain.daily,mm,,1,,288
2023-08-30,rain.rate,mm/h,0,2,0.04,288
2023-08-30,temperature.dewPoint,celsius,8.278,11.833,10.11,288
2023-08-30,temperature.heatIndex,celsius,10.5,16.5,13.23,288
2023-08-30,temperature.outdoor,celsius,10.444,16.944,13.33,288
2023-08-30,temperature.wetBulb,celsius,9.333,13.222,11.32,288
2023-08-31,humidity.outdoor,percent,67.5,97.6,90.33,288
2023-08-31,pressure.absolute,hPa,989.571,994.481,990.93,288
2023-08-31,pressure.seaLevel,hPa,1003.76,1008.738,1005.15,288
2023-08-31,rain.daily,mm,,9.4,,288
2023-08-31,rain.rate,mm/h,0,13.8,0.46,288
2023-08-31,temperature.dewPoint,celsius,9.389,17.5,13.38,288
2023-08-31,temperature.heatIndex,celsius,10.611,22.944,15.39,288
2023-08-31,temperature.outdoor,celsius,10.389,22.278,15.01,288
2023-08-31,temperature.thwIndex,celsius,10.611,18.667,13.11,157
2023-08-31,temperature.wetBulb,celsius,9.833,18.722,13.92,288
2023-08-31,temperature.windChill,celsius,10.389,18.056,12.68,155
2023-08-31,wind.direction,degrees,0,0,0,155
2023-08-31,wind.gust,m/s,0,0,0,155
2023-08-31,wind.run,km,,0,,155
2023-08-31,wind.speed,m/s,0,0,0,155
